USDJPY,103.873,103.877,20140824000032,
EURJPY,137.569,137.579,20140824000032,
AUDJPY,96.775,96.784,20140824000032,
GBPJPY,172.158,172.176,20140824000032,
NZDJPY,87.267,87.285,20140824000032,
CADJPY,94.889,94.913,20140824000032,
CHFJPY,113.675,113.699,20140824000032,
ZARJPY,9.689,9.708,20140824000032,
CNHJPY,16.853,16.883,20140824000032,
EURUSD,1.32439,1.32447,20140824000032,
GBPUSD,1.6573,1.65755,20140824000032,
AUDUSD,0.93158,0.93176,20140824000032,
NZDUSD,0.84005,0.84035,20140824000032,
HKDJPY,13.389,13.419,20140824000032,
EURGBP,0.79899,0.79917,20140824000032,
EURAUD,1.42143,1.42166,20140824000032,
USDCHF,0.91361,0.91379,20140824000032,
EURCHF,1.21006,1.21024,20140824000032,
GBPCHF,1.51421,1.51451,20140824000032,
AUDCHF,0.85106,0.85136,20140824000032,
CADCHF,0.83443,0.83503,20140824000032,
USDHKD,7.74993,7.75023,20140824000032,
USDJPY,103.873,103.877,20140824000137,
EURJPY,137.569,137.579,20140824000137,
AUDJPY,96.775,96.784,20140824000137,
GBPJPY,172.158,172.176,20140824000137,
NZDJPY,87.267,87.285,20140824000137,
CADJPY,94.889,94.913,20140824000137,
CHFJPY,113.675,113.699,20140824000137,
ZARJPY,9.689,9.708,20140824000137,
CNHJPY,16.853,16.883,20140824000137,
EURUSD,1.32439,1.32447,20140824000137,
GBPUSD,1.6573,1.65755,20140824000137,
AUDUSD,0.93158,0.93176,20140824000137,
NZDUSD,0.84005,0.84035,20140824000137,
HKDJPY,13.389,13.419,20140824000137,
EURGBP,0.79899,0.79917,20140824000137,
EURAUD,1.42143,1.42166,20140824000137,
EURCHF,1.21006,1.21024,20140824000137,
USDCHF,0.91361,0.91379,20140824000137,
GBPCHF,1.51421,1.51451,20140824000137,
AUDCHF,0.85106,0.85136,20140824000137,
CADCHF,0.83443,0.83503,20140824000137,
USDHKD,7.74993,7.75023,20140824000137,
USDJPY,103.873,103.877,20140824000243,
EURJPY,137.569,137.579,20140824000243,
AUDJPY,96.775,96.784,20140824000243,
GBPJPY,172.158,172.176,20140824000243,
NZDJPY,87.267,87.285,20140824000243,
CADJPY,94.889,94.913,20140824000243,
CHFJPY,113.675,113.699,20140824000243,
ZARJPY,9.689,9.708,20140824000243,
CNHJPY,16.853,16.883,20140824000243,
EURUSD,1.32439,1.32447,20140824000243,
GBPUSD,1.6573,1.65755,20140824000243,
AUDUSD,0.93158,0.93176,20140824000243,
NZDUSD,0.84005,0.84035,20140824000243,
HKDJPY,13.389,13.419,20140824000243,
EURGBP,0.79899,0.79917,20140824000243,
EURAUD,1.42143,1.42166,20140824000243,
USDCHF,0.91361,0.91379,20140824000243,
EURCHF,1.21006,1.21024,20140824000243,
GBPCHF,1.51421,1.51451,20140824000243,
AUDCHF,0.85106,0.85136,20140824000243,
CADCHF,0.83443,0.83503,20140824000243,
USDHKD,7.74993,7.75023,20140824000243,
USDJPY,103.873,103.877,20140824000348,
EURJPY,137.569,137.579,20140824000348,
AUDJPY,96.775,96.784,20140824000348,
GBPJPY,172.158,172.176,20140824000348,
NZDJPY,87.267,87.285,20140824000348,
CADJPY,94.889,94.913,20140824000348,
CHFJPY,113.675,113.699,20140824000348,
ZARJPY,9.689,9.708,20140824000348,
CNHJPY,16.853,16.883,20140824000348,
EURUSD,1.32439,1.32447,20140824000348,
GBPUSD,1.6573,1.65755,20140824000348,
AUDUSD,0.93158,0.93176,20140824000348,
NZDUSD,0.84005,0.84035,20140824000348,
HKDJPY,13.389,13.419,20140824000348,
EURGBP,0.79899,0.79917,20140824000348,
EURAUD,1.42143,1.42166,20140824000348,
USDCHF,0.91361,0.91379,20140824000348,
EURCHF,1.21006,1.21024,20140824000348,
GBPCHF,1.51421,1.51451,20140824000348,
AUDCHF,0.85106,0.85136,20140824000348,
CADCHF,0.83443,0.83503,20140824000348,
USDHKD,7.74993,7.75023,20140824000348,
USDJPY,103.873,103.877,20140824000454,
EURJPY,137.569,137.579,20140824000454,
AUDJPY,96.775,96.784,20140824000454,
GBPJPY,172.158,172.176,20140824000454,
NZDJPY,87.267,87.285,20140824000454,
CADJPY,94.889,94.913,20140824000454,
CHFJPY,113.675,113.699,20140824000454,
ZARJPY,9.689,9.708,20140824000454,
CNHJPY,16.853,16.883,20140824000454,
EURUSD,1.32439,1.32447,20140824000454,
GBPUSD,1.6573,1.65755,20140824000454,
AUDUSD,0.93158,0.93176,20140824000454,
NZDUSD,0.84005,0.84035,20140824000454,
HKDJPY,13.389,13.419,20140824000454,
EURGBP,0.79899,0.79917,20140824000454,
EURAUD,1.42143,1.42166,20140824000454,
USDCHF,0.91361,0.91379,20140824000454,
EURCHF,1.21006,1.21024,20140824000454,
GBPCHF,1.51421,1.51451,20140824000454,
AUDCHF,0.85106,0.85136,20140824000454,
CADCHF,0.83443,0.83503,20140824000454,
USDHKD,7.74993,7.75023,20140824000454,
USDJPY,103.873,103.877,20140824000600,
EURJPY,137.569,137.579,20140824000600,
AUDJPY,96.775,96.784,20140824000600,
GBPJPY,172.158,172.176,20140824000600,
NZDJPY,87.267,87.285,20140824000600,
CADJPY,94.889,94.913,20140824000600,
CHFJPY,113.675,113.699,20140824000600,
ZARJPY,9.689,9.708,20140824000600,
CNHJPY,16.853,16.883,20140824000600,
EURUSD,1.32439,1.32447,20140824000600,
GBPUSD,1.6573,1.65755,20140824000600,
AUDUSD,0.93158,0.93176,20140824000600,
NZDUSD,0.84005,0.84035,20140824000600,
HKDJPY,13.389,13.419,20140824000600,
EURGBP,0.79899,0.79917,20140824000600,
EURAUD,1.42143,1.42166,20140824000600,
USDCHF,0.91361,0.91379,20140824000600,
EURCHF,1.21006,1.21024,20140824000600,
GBPCHF,1.51421,1.51451,20140824000600,
AUDCHF,0.85106,0.85136,20140824000600,
CADCHF,0.83443,0.83503,20140824000600,
USDHKD,7.74993,7.75023,20140824000600,
USDJPY,103.873,103.877,20140824000705,
EURJPY,137.569,137.579,20140824000705,
AUDJPY,96.775,96.784,20140824000705,
GBPJPY,172.158,172.176,20140824000705,
NZDJPY,87.267,87.285,20140824000705,
CADJPY,94.889,94.913,20140824000705,
CHFJPY,113.675,113.699,20140824000705,
ZARJPY,9.689,9.708,20140824000705,
CNHJPY,16.853,16.883,20140824000705,
EURUSD,1.32439,1.32447,20140824000705,
GBPUSD,1.6573,1.65755,20140824000705,
AUDUSD,0.93158,0.93176,20140824000705,
NZDUSD,0.84005,0.84035,20140824000705,
HKDJPY,13.389,13.419,20140824000705,
EURGBP,0.79899,0.79917,20140824000705,
EURAUD,1.42143,1.42166,20140824000705,
USDCHF,0.91361,0.91379,20140824000705,
EURCHF,1.21006,1.21024,20140824000705,
GBPCHF,1.51421,1.51451,20140824000705,
AUDCHF,0.85106,0.85136,20140824000705,
CADCHF,0.83443,0.83503,20140824000705,
USDHKD,7.74993,7.75023,20140824000705,
USDJPY,103.873,103.877,20140824000811,
EURJPY,137.569,137.579,20140824000811,
AUDJPY,96.775,96.784,20140824000811,
GBPJPY,172.158,172.176,20140824000811,
NZDJPY,87.267,87.285,20140824000811,
CADJPY,94.889,94.913,20140824000811,
CHFJPY,113.675,113.699,20140824000811,
ZARJPY,9.689,9.708,20140824000811,
CNHJPY,16.853,16.883,20140824000811,
EURUSD,1.32439,1.32447,20140824000811,
GBPUSD,1.6573,1.65755,20140824000811,
AUDUSD,0.93158,0.93176,20140824000811,
NZDUSD,0.84005,0.84035,20140824000811,
HKDJPY,13.389,13.419,20140824000811,
EURGBP,0.79899,0.79917,20140824000811,
EURAUD,1.42143,1.42166,20140824000811,
USDCHF,0.91361,0.91379,20140824000811,
EURCHF,1.21006,1.21024,20140824000811,
GBPCHF,1.51421,1.51451,20140824000811,
AUDCHF,0.85106,0.85136,20140824000811,
CADCHF,0.83443,0.83503,20140824000811,
USDHKD,7.74993,7.75023,20140824000811,
USDJPY,103.873,103.877,20140824000916,
EURJPY,137.569,137.579,20140824000916,
AUDJPY,96.775,96.784,20140824000916,
GBPJPY,172.158,172.176,20140824000916,
NZDJPY,87.267,87.285,20140824000916,
CADJPY,94.889,94.913,20140824000916,
CHFJPY,113.675,113.699,20140824000916,
ZARJPY,9.689,9.708,20140824000916,
CNHJPY,16.853,16.883,20140824000916,
EURUSD,1.32439,1.32447,20140824000916,
GBPUSD,1.6573,1.65755,20140824000916,
AUDUSD,0.93158,0.93176,20140824000916,
NZDUSD,0.84005,0.84035,20140824000916,
HKDJPY,13.389,13.419,20140824000916,
EURGBP,0.79899,0.79917,20140824000916,
EURAUD,1.42143,1.42166,20140824000916,
USDCHF,0.91361,0.91379,20140824000916,
EURCHF,1.21006,1.21024,20140824000916,
GBPCHF,1.51421,1.51451,20140824000916,
AUDCHF,0.85106,0.85136,20140824000916,
CADCHF,0.83443,0.83503,20140824000916,
USDHKD,7.74993,7.75023,20140824000916,
USDJPY,103.873,103.877,20140824001022,
EURJPY,137.569,137.579,20140824001022,
AUDJPY,96.775,96.784,20140824001022,
GBPJPY,172.158,172.176,20140824001022,
NZDJPY,87.267,87.285,20140824001022,
CADJPY,94.889,94.913,20140824001022,
CHFJPY,113.675,113.699,20140824001022,
ZARJPY,9.689,9.708,20140824001022,
CNHJPY,16.853,16.883,20140824001022,
EURUSD,1.32439,1.32447,20140824001022,
GBPUSD,1.6573,1.65755,20140824001022,
AUDUSD,0.93158,0.93176,20140824001022,
NZDUSD,0.84005,0.84035,20140824001022,
HKDJPY,13.389,13.419,20140824001022,
EURGBP,0.79899,0.79917,20140824001022,
EURAUD,1.42143,1.42166,20140824001022,
USDCHF,0.91361,0.91379,20140824001022,
EURCHF,1.21006,1.21024,20140824001022,
GBPCHF,1.51421,1.51451,20140824001022,
AUDCHF,0.85106,0.85136,20140824001022,
CADCHF,0.83443,0.83503,20140824001022,
USDHKD,7.74993,7.75023,20140824001022,
USDJPY,103.873,103.877,20140824001127,
AUDJPY,96.775,96.784,20140824001127,
EURJPY,137.569,137.579,20140824001127,
GBPJPY,172.158,172.176,20140824001127,
NZDJPY,87.267,87.285,20140824001127,
CADJPY,94.889,94.913,20140824001127,
CHFJPY,113.675,113.699,20140824001127,
ZARJPY,9.689,9.708,20140824001127,
CNHJPY,16.853,16.883,20140824001127,
EURUSD,1.32439,1.32447,20140824001127,
GBPUSD,1.6573,1.65755,20140824001127,
AUDUSD,0.93158,0.93176,20140824001127,
NZDUSD,0.84005,0.84035,20140824001127,
HKDJPY,13.389,13.419,20140824001127,
EURGBP,0.79899,0.79917,20140824001127,
EURAUD,1.42143,1.42166,20140824001127,
USDCHF,0.91361,0.91379,20140824001127,
EURCHF,1.21006,1.21024,20140824001127,
GBPCHF,1.51421,1.51451,20140824001127,
AUDCHF,0.85106,0.85136,20140824001127,
CADCHF,0.83443,0.83503,20140824001127,
USDHKD,7.74993,7.75023,20140824001127,
USDJPY,103.873,103.877,20140824001232,
EURJPY,137.569,137.579,20140824001232,
AUDJPY,96.775,96.784,20140824001232,
GBPJPY,172.158,172.176,20140824001232,
NZDJPY,87.267,87.285,20140824001232,
CADJPY,94.889,94.913,20140824001232,
CHFJPY,113.675,113.699,20140824001232,
ZARJPY,9.689,9.708,20140824001232,
CNHJPY,16.853,16.883,20140824001232,
EURUSD,1.32439,1.32447,20140824001232,
GBPUSD,1.6573,1.65755,20140824001232,
AUDUSD,0.93158,0.93176,20140824001232,
NZDUSD,0.84005,0.84035,20140824001232,
HKDJPY,13.389,13.419,20140824001232,
EURGBP,0.79899,0.79917,20140824001232,
EURAUD,1.42143,1.42166,20140824001232,
USDCHF,0.91361,0.91379,20140824001232,
EURCHF,1.21006,1.21024,20140824001232,
GBPCHF,1.51421,1.51451,20140824001232,
AUDCHF,0.85106,0.85136,20140824001232,
CADCHF,0.83443,0.83503,20140824001232,
USDHKD,7.74993,7.75023,20140824001232,
USDJPY,103.873,103.877,20140824001338,
EURJPY,137.569,137.579,20140824001338,
AUDJPY,96.775,96.784,20140824001338,
GBPJPY,172.158,172.176,20140824001338,
NZDJPY,87.267,87.285,20140824001338,
CADJPY,94.889,94.913,20140824001338,
CHFJPY,113.675,113.699,20140824001338,
ZARJPY,9.689,9.708,20140824001338,
CNHJPY,16.853,16.883,20140824001338,
EURUSD,1.32439,1.32447,20140824001338,
GBPUSD,1.6573,1.65755,20140824001338,
AUDUSD,0.93158,0.93176,20140824001338,
NZDUSD,0.84005,0.84035,20140824001338,
HKDJPY,13.389,13.419,20140824001338,
EURGBP,0.79899,0.79917,20140824001338,
USDCHF,0.91361,0.91379,20140824001338,
EURAUD,1.42143,1.42166,20140824001338,
EURCHF,1.21006,1.21024,20140824001338,
GBPCHF,1.51421,1.51451,20140824001338,
AUDCHF,0.85106,0.85136,20140824001338,
CADCHF,0.83443,0.83503,20140824001338,
USDHKD,7.74993,7.75023,20140824001338,
USDJPY,103.873,103.877,20140824001444,
EURJPY,137.569,137.579,20140824001444,
AUDJPY,96.775,96.784,20140824001444,
GBPJPY,172.158,172.176,20140824001444,
NZDJPY,87.267,87.285,20140824001444,
CADJPY,94.889,94.913,20140824001444,
CHFJPY,113.675,113.699,20140824001444,
ZARJPY,9.689,9.708,20140824001444,
CNHJPY,16.853,16.883,20140824001444,
EURUSD,1.32439,1.32447,20140824001444,
GBPUSD,1.6573,1.65755,20140824001444,
AUDUSD,0.93158,0.93176,20140824001444,
NZDUSD,0.84005,0.84035,20140824001444,
HKDJPY,13.389,13.419,20140824001444,
EURGBP,0.79899,0.79917,20140824001444,
USDCHF,0.91361,0.91379,20140824001444,
EURAUD,1.42143,1.42166,20140824001444,
EURCHF,1.21006,1.21024,20140824001444,
GBPCHF,1.51421,1.51451,20140824001444,
AUDCHF,0.85106,0.85136,20140824001444,
CADCHF,0.83443,0.83503,20140824001444,
USDHKD,7.74993,7.75023,20140824001444,
USDJPY,103.873,103.877,20140824001549,
EURJPY,137.569,137.579,20140824001549,
AUDJPY,96.775,96.784,20140824001549,
GBPJPY,172.158,172.176,20140824001549,
NZDJPY,87.267,87.285,20140824001549,
CADJPY,94.889,94.913,20140824001549,
CHFJPY,113.675,113.699,20140824001549,
ZARJPY,9.689,9.708,20140824001549,
CNHJPY,16.853,16.883,20140824001549,
EURUSD,1.32439,1.32447,20140824001549,
GBPUSD,1.6573,1.65755,20140824001549,
AUDUSD,0.93158,0.93176,20140824001549,
NZDUSD,0.84005,0.84035,20140824001549,
HKDJPY,13.389,13.419,20140824001549,
EURGBP,0.79899,0.79917,20140824001549,
EURAUD,1.42143,1.42166,20140824001549,
USDCHF,0.91361,0.91379,20140824001549,
EURCHF,1.21006,1.21024,20140824001549,
GBPCHF,1.51421,1.51451,20140824001549,
AUDCHF,0.85106,0.85136,20140824001549,
USDHKD,7.74993,7.75023,20140824001549,
CADCHF,0.83443,0.83503,20140824001549,
USDJPY,103.873,103.877,20140824001655,
EURJPY,137.569,137.579,20140824001655,
AUDJPY,96.775,96.784,20140824001655,
GBPJPY,172.158,172.176,20140824001655,
NZDJPY,87.267,87.285,20140824001655,
CADJPY,94.889,94.913,20140824001655,
CHFJPY,113.675,113.699,20140824001655,
ZARJPY,9.689,9.708,20140824001655,
CNHJPY,16.853,16.883,20140824001655,
EURUSD,1.32439,1.32447,20140824001655,
GBPUSD,1.6573,1.65755,20140824001655,
AUDUSD,0.93158,0.93176,20140824001655,
NZDUSD,0.84005,0.84035,20140824001655,
HKDJPY,13.389,13.419,20140824001655,
EURGBP,0.79899,0.79917,20140824001655,
EURAUD,1.42143,1.42166,20140824001655,
USDCHF,0.91361,0.91379,20140824001655,
EURCHF,1.21006,1.21024,20140824001655,
GBPCHF,1.51421,1.51451,20140824001655,
AUDCHF,0.85106,0.85136,20140824001655,
CADCHF,0.83443,0.83503,20140824001655,
USDHKD,7.74993,7.75023,20140824001655,
USDJPY,103.873,103.877,20140824001800,
EURJPY,137.569,137.579,20140824001800,
AUDJPY,96.775,96.784,20140824001800,
GBPJPY,172.158,172.176,20140824001800,
NZDJPY,87.267,87.285,20140824001800,
CADJPY,94.889,94.913,20140824001800,
CHFJPY,113.675,113.699,20140824001800,
CNHJPY,16.853,16.883,20140824001800,
EURUSD,1.32439,1.32447,20140824001800,
ZARJPY,9.689,9.708,20140824001800,
GBPUSD,1.6573,1.65755,20140824001800,
AUDUSD,0.93158,0.93176,20140824001800,
NZDUSD,0.84005,0.84035,20140824001800,
HKDJPY,13.389,13.419,20140824001800,
EURGBP,0.79899,0.79917,20140824001800,
EURAUD,1.42143,1.42166,20140824001800,
USDCHF,0.91361,0.91379,20140824001800,
EURCHF,1.21006,1.21024,20140824001800,
GBPCHF,1.51421,1.51451,20140824001800,
AUDCHF,0.85106,0.85136,20140824001800,
CADCHF,0.83443,0.83503,20140824001800,
USDHKD,7.74993,7.75023,20140824001800,
USDJPY,103.873,103.877,20140824001906,
EURJPY,137.569,137.579,20140824001906,
AUDJPY,96.775,96.784,20140824001906,
GBPJPY,172.158,172.176,20140824001906,
CADJPY,94.889,94.913,20140824001906,
NZDJPY,87.267,87.285,20140824001906,
CHFJPY,113.675,113.699,20140824001906,
ZARJPY,9.689,9.708,20140824001906,
CNHJPY,16.853,16.883,20140824001906,
EURUSD,1.32439,1.32447,20140824001906,
GBPUSD,1.6573,1.65755,20140824001906,
AUDUSD,0.93158,0.93176,20140824001906,
NZDUSD,0.84005,0.84035,20140824001906,
HKDJPY,13.389,13.419,20140824001906,
EURGBP,0.79899,0.79917,20140824001906,
EURAUD,1.42143,1.42166,20140824001906,
USDCHF,0.91361,0.91379,20140824001906,
EURCHF,1.21006,1.21024,20140824001906,
GBPCHF,1.51421,1.51451,20140824001906,
AUDCHF,0.85106,0.85136,20140824001906,
CADCHF,0.83443,0.83503,20140824001906,
USDHKD,7.74993,7.75023,20140824001906,
USDJPY,103.873,103.877,20140824002011,
EURJPY,137.569,137.579,20140824002011,
AUDJPY,96.775,96.784,20140824002011,
GBPJPY,172.158,172.176,20140824002011,
NZDJPY,87.267,87.285,20140824002011,
CADJPY,94.889,94.913,20140824002011,
CHFJPY,113.675,113.699,20140824002011,
ZARJPY,9.689,9.708,20140824002011,
CNHJPY,16.853,16.883,20140824002011,
EURUSD,1.32439,1.32447,20140824002011,
GBPUSD,1.6573,1.65755,20140824002011,
AUDUSD,0.93158,0.93176,20140824002011,
NZDUSD,0.84005,0.84035,20140824002011,
HKDJPY,13.389,13.419,20140824002011,
EURGBP,0.79899,0.79917,20140824002011,
EURAUD,1.42143,1.42166,20140824002011,
USDCHF,0.91361,0.91379,20140824002011,
EURCHF,1.21006,1.21024,20140824002011,
GBPCHF,1.51421,1.51451,20140824002011,
AUDCHF,0.85106,0.85136,20140824002011,
CADCHF,0.83443,0.83503,20140824002011,
USDHKD,7.74993,7.75023,20140824002011,
USDJPY,103.873,103.877,20140824002117,
AUDJPY,96.775,96.784,20140824002117,
EURJPY,137.569,137.579,20140824002117,
GBPJPY,172.158,172.176,20140824002117,
NZDJPY,87.267,87.285,20140824002117,
CADJPY,94.889,94.913,20140824002117,
CHFJPY,113.675,113.699,20140824002117,
ZARJPY,9.689,9.708,20140824002117,
CNHJPY,16.853,16.883,20140824002117,
EURUSD,1.32439,1.32447,20140824002117,
GBPUSD,1.6573,1.65755,20140824002117,
AUDUSD,0.93158,0.93176,20140824002117,
NZDUSD,0.84005,0.84035,20140824002117,
HKDJPY,13.389,13.419,20140824002117,
EURGBP,0.79899,0.79917,20140824002117,
EURAUD,1.42143,1.42166,20140824002117,
USDCHF,0.91361,0.91379,20140824002117,
EURCHF,1.21006,1.21024,20140824002117,
GBPCHF,1.51421,1.51451,20140824002117,
AUDCHF,0.85106,0.85136,20140824002117,
CADCHF,0.83443,0.83503,20140824002117,
USDHKD,7.74993,7.75023,20140824002117,
USDJPY,103.873,103.877,20140824002222,
EURJPY,137.569,137.579,20140824002222,
AUDJPY,96.775,96.784,20140824002222,
GBPJPY,172.158,172.176,20140824002222,
NZDJPY,87.267,87.285,20140824002222,
CHFJPY,113.675,113.699,20140824002222,
CADJPY,94.889,94.913,20140824002222,
ZARJPY,9.689,9.708,20140824002222,
CNHJPY,16.853,16.883,20140824002222,
EURUSD,1.32439,1.32447,20140824002222,
GBPUSD,1.6573,1.65755,20140824002222,
AUDUSD,0.93158,0.93176,20140824002222,
NZDUSD,0.84005,0.84035,20140824002222,
HKDJPY,13.389,13.419,20140824002222,
EURGBP,0.79899,0.79917,20140824002222,
EURAUD,1.42143,1.42166,20140824002222,
USDCHF,0.91361,0.91379,20140824002222,
EURCHF,1.21006,1.21024,20140824002222,
GBPCHF,1.51421,1.51451,20140824002222,
AUDCHF,0.85106,0.85136,20140824002222,
CADCHF,0.83443,0.83503,20140824002222,
USDHKD,7.74993,7.75023,20140824002222,
USDJPY,103.873,103.877,20140824002328,
EURJPY,137.569,137.579,20140824002328,
AUDJPY,96.775,96.784,20140824002328,
GBPJPY,172.158,172.176,20140824002328,
NZDJPY,87.267,87.285,20140824002328,
CADJPY,94.889,94.913,20140824002328,
CHFJPY,113.675,113.699,20140824002328,
ZARJPY,9.689,9.708,20140824002328,
CNHJPY,16.853,16.883,20140824002328,
EURUSD,1.32439,1.32447,20140824002328,
GBPUSD,1.6573,1.65755,20140824002328,
AUDUSD,0.93158,0.93176,20140824002328,
NZDUSD,0.84005,0.84035,20140824002328,
HKDJPY,13.389,13.419,20140824002328,
EURGBP,0.79899,0.79917,20140824002328,
EURAUD,1.42143,1.42166,20140824002328,
USDCHF,0.91361,0.91379,20140824002328,
EURCHF,1.21006,1.21024,20140824002328,
GBPCHF,1.51421,1.51451,20140824002328,
AUDCHF,0.85106,0.85136,20140824002328,
CADCHF,0.83443,0.83503,20140824002328,
USDHKD,7.74993,7.75023,20140824002328,
USDJPY,103.873,103.877,20140824002433,
EURJPY,137.569,137.579,20140824002433,
AUDJPY,96.775,96.784,20140824002433,
GBPJPY,172.158,172.176,20140824002433,
NZDJPY,87.267,87.285,20140824002433,
CADJPY,94.889,94.913,20140824002433,
CHFJPY,113.675,113.699,20140824002433,
ZARJPY,9.689,9.708,20140824002433,
CNHJPY,16.853,16.883,20140824002433,
EURUSD,1.32439,1.32447,20140824002433,
GBPUSD,1.6573,1.65755,20140824002433,
AUDUSD,0.93158,0.93176,20140824002433,
NZDUSD,0.84005,0.84035,20140824002433,
HKDJPY,13.389,13.419,20140824002433,
EURGBP,0.79899,0.79917,20140824002433,
EURAUD,1.42143,1.42166,20140824002433,
USDCHF,0.91361,0.91379,20140824002433,
EURCHF,1.21006,1.21024,20140824002433,
GBPCHF,1.51421,1.51451,20140824002433,
AUDCHF,0.85106,0.85136,20140824002433,
CADCHF,0.83443,0.83503,20140824002433,
USDHKD,7.74993,7.75023,20140824002433,
USDJPY,103.873,103.877,20140824002539,
EURJPY,137.569,137.579,20140824002539,
AUDJPY,96.775,96.784,20140824002539,
GBPJPY,172.158,172.176,20140824002539,
NZDJPY,87.267,87.285,20140824002539,
CADJPY,94.889,94.913,20140824002539,
CHFJPY,113.675,113.699,20140824002539,
ZARJPY,9.689,9.708,20140824002539,
CNHJPY,16.853,16.883,20140824002539,
EURUSD,1.32439,1.32447,20140824002539,
GBPUSD,1.6573,1.65755,20140824002539,
AUDUSD,0.93158,0.93176,20140824002539,
NZDUSD,0.84005,0.84035,20140824002539,
HKDJPY,13.389,13.419,20140824002539,
EURGBP,0.79899,0.79917,20140824002539,
EURAUD,1.42143,1.42166,20140824002539,
USDCHF,0.91361,0.91379,20140824002539,
EURCHF,1.21006,1.21024,20140824002539,
GBPCHF,1.51421,1.51451,20140824002539,
AUDCHF,0.85106,0.85136,20140824002539,
CADCHF,0.83443,0.83503,20140824002539,
USDHKD,7.74993,7.75023,20140824002539,
USDJPY,103.873,103.877,20140824002644,
EURJPY,137.569,137.579,20140824002644,
AUDJPY,96.775,96.784,20140824002644,
GBPJPY,172.158,172.176,20140824002644,
NZDJPY,87.267,87.285,20140824002644,
CADJPY,94.889,94.913,20140824002644,
ZARJPY,9.689,9.708,20140824002644,
CHFJPY,113.675,113.699,20140824002644,
CNHJPY,16.853,16.883,20140824002644,
EURUSD,1.32439,1.32447,20140824002644,
GBPUSD,1.6573,1.65755,20140824002644,
AUDUSD,0.93158,0.93176,20140824002644,
NZDUSD,0.84005,0.84035,20140824002644,
HKDJPY,13.389,13.419,20140824002644,
EURGBP,0.79899,0.79917,20140824002644,
EURAUD,1.42143,1.42166,20140824002644,
USDCHF,0.91361,0.91379,20140824002644,
GBPCHF,1.51421,1.51451,20140824002644,
AUDCHF,0.85106,0.85136,20140824002644,
EURCHF,1.21006,1.21024,20140824002644,
CADCHF,0.83443,0.83503,20140824002644,
USDHKD,7.74993,7.75023,20140824002644,
USDJPY,103.873,103.877,20140824002750,
EURJPY,137.569,137.579,20140824002750,
AUDJPY,96.775,96.784,20140824002750,
GBPJPY,172.158,172.176,20140824002750,
NZDJPY,87.267,87.285,20140824002750,
CADJPY,94.889,94.913,20140824002750,
CHFJPY,113.675,113.699,20140824002750,
ZARJPY,9.689,9.708,20140824002750,
CNHJPY,16.853,16.883,20140824002750,
EURUSD,1.32439,1.32447,20140824002750,
GBPUSD,1.6573,1.65755,20140824002750,
AUDUSD,0.93158,0.93176,20140824002750,
NZDUSD,0.84005,0.84035,20140824002750,
HKDJPY,13.389,13.419,20140824002750,
EURGBP,0.79899,0.79917,20140824002750,
EURAUD,1.42143,1.42166,20140824002750,
USDCHF,0.91361,0.91379,20140824002750,
EURCHF,1.21006,1.21024,20140824002750,
GBPCHF,1.51421,1.51451,20140824002750,
AUDCHF,0.85106,0.85136,20140824002750,
CADCHF,0.83443,0.83503,20140824002750,
USDHKD,7.74993,7.75023,20140824002750,
USDJPY,103.873,103.877,20140824002855,
EURJPY,137.569,137.579,20140824002855,
AUDJPY,96.775,96.784,20140824002855,
GBPJPY,172.158,172.176,20140824002855,
NZDJPY,87.267,87.285,20140824002855,
CADJPY,94.889,94.913,20140824002855,
CHFJPY,113.675,113.699,20140824002855,
ZARJPY,9.689,9.708,20140824002855,
CNHJPY,16.853,16.883,20140824002855,
EURUSD,1.32439,1.32447,20140824002855,
GBPUSD,1.6573,1.65755,20140824002855,
AUDUSD,0.93158,0.93176,20140824002855,
NZDUSD,0.84005,0.84035,20140824002855,
HKDJPY,13.389,13.419,20140824002855,
EURGBP,0.79899,0.79917,20140824002855,
EURAUD,1.42143,1.42166,20140824002855,
USDCHF,0.91361,0.91379,20140824002855,
EURCHF,1.21006,1.21024,20140824002855,
GBPCHF,1.51421,1.51451,20140824002855,
AUDCHF,0.85106,0.85136,20140824002855,
CADCHF,0.83443,0.83503,20140824002855,
USDHKD,7.74993,7.75023,20140824002855,
USDJPY,103.873,103.877,20140824003001,
EURJPY,137.569,137.579,20140824003001,
AUDJPY,96.775,96.784,20140824003001,
GBPJPY,172.158,172.176,20140824003001,
NZDJPY,87.267,87.285,20140824003001,
CADJPY,94.889,94.913,20140824003001,
CHFJPY,113.675,113.699,20140824003001,
ZARJPY,9.689,9.708,20140824003001,
CNHJPY,16.853,16.883,20140824003001,
EURUSD,1.32439,1.32447,20140824003001,
GBPUSD,1.6573,1.65755,20140824003001,
AUDUSD,0.93158,0.93176,20140824003001,
NZDUSD,0.84005,0.84035,20140824003001,
HKDJPY,13.389,13.419,20140824003001,
EURGBP,0.79899,0.79917,20140824003001,
EURAUD,1.42143,1.42166,20140824003001,
USDCHF,0.91361,0.91379,20140824003001,
EURCHF,1.21006,1.21024,20140824003001,
GBPCHF,1.51421,1.51451,20140824003001,
AUDCHF,0.85106,0.85136,20140824003001,
CADCHF,0.83443,0.83503,20140824003001,
USDHKD,7.74993,7.75023,20140824003001,
USDJPY,103.873,103.877,20140824003106,
EURJPY,137.569,137.579,20140824003106,
AUDJPY,96.775,96.784,20140824003106,
GBPJPY,172.158,172.176,20140824003106,
NZDJPY,87.267,87.285,20140824003106,
CADJPY,94.889,94.913,20140824003106,
CHFJPY,113.675,113.699,20140824003106,
ZARJPY,9.689,9.708,20140824003106,
CNHJPY,16.853,16.883,20140824003106,
EURUSD,1.32439,1.32447,20140824003106,
GBPUSD,1.6573,1.65755,20140824003106,
AUDUSD,0.93158,0.93176,20140824003106,
NZDUSD,0.84005,0.84035,20140824003106,
HKDJPY,13.389,13.419,20140824003106,
EURAUD,1.42143,1.42166,20140824003106,
EURGBP,0.79899,0.79917,20140824003106,
USDCHF,0.91361,0.91379,20140824003106,
EURCHF,1.21006,1.21024,20140824003106,
GBPCHF,1.51421,1.51451,20140824003106,
AUDCHF,0.85106,0.85136,20140824003106,
CADCHF,0.83443,0.83503,20140824003106,
USDHKD,7.74993,7.75023,20140824003106,
USDJPY,103.873,103.877,20140824003211,
EURJPY,137.569,137.579,20140824003211,
GBPJPY,172.158,172.176,20140824003211,
AUDJPY,96.775,96.784,20140824003211,
NZDJPY,87.267,87.285,20140824003211,
CADJPY,94.889,94.913,20140824003211,
CHFJPY,113.675,113.699,20140824003211,
ZARJPY,9.689,9.708,20140824003211,
EURUSD,1.32439,1.32447,20140824003211,
CNHJPY,16.853,16.883,20140824003211,
GBPUSD,1.6573,1.65755,20140824003211,
AUDUSD,0.93158,0.93176,20140824003211,
NZDUSD,0.84005,0.84035,20140824003211,
HKDJPY,13.389,13.419,20140824003211,
EURGBP,0.79899,0.79917,20140824003211,
EURAUD,1.42143,1.42166,20140824003211,
USDCHF,0.91361,0.91379,20140824003211,
EURCHF,1.21006,1.21024,20140824003211,
GBPCHF,1.51421,1.51451,20140824003211,
AUDCHF,0.85106,0.85136,20140824003211,
CADCHF,0.83443,0.83503,20140824003211,
USDHKD,7.74993,7.75023,20140824003211,
USDJPY,103.873,103.877,20140824003317,
AUDJPY,96.775,96.784,20140824003317,
EURJPY,137.569,137.579,20140824003317,
GBPJPY,172.158,172.176,20140824003317,
NZDJPY,87.267,87.285,20140824003317,
CADJPY,94.889,94.913,20140824003317,
CHFJPY,113.675,113.699,20140824003317,
ZARJPY,9.689,9.708,20140824003317,
CNHJPY,16.853,16.883,20140824003317,
EURUSD,1.32439,1.32447,20140824003317,
GBPUSD,1.6573,1.65755,20140824003317,
AUDUSD,0.93158,0.93176,20140824003317,
NZDUSD,0.84005,0.84035,20140824003317,
HKDJPY,13.389,13.419,20140824003317,
EURGBP,0.79899,0.79917,20140824003317,
EURAUD,1.42143,1.42166,20140824003317,
USDCHF,0.91361,0.91379,20140824003317,
EURCHF,1.21006,1.21024,20140824003317,
GBPCHF,1.51421,1.51451,20140824003317,
AUDCHF,0.85106,0.85136,20140824003317,
CADCHF,0.83443,0.83503,20140824003317,
USDHKD,7.74993,7.75023,20140824003317,
USDJPY,103.873,103.877,20140824003422,
EURJPY,137.569,137.579,20140824003422,
AUDJPY,96.775,96.784,20140824003422,
GBPJPY,172.158,172.176,20140824003422,
NZDJPY,87.267,87.285,20140824003422,
CADJPY,94.889,94.913,20140824003422,
CHFJPY,113.675,113.699,20140824003422,
ZARJPY,9.689,9.708,20140824003422,
CNHJPY,16.853,16.883,20140824003422,
EURUSD,1.32439,1.32447,20140824003422,
GBPUSD,1.6573,1.65755,20140824003422,
AUDUSD,0.93158,0.93176,20140824003422,
NZDUSD,0.84005,0.84035,20140824003422,
HKDJPY,13.389,13.419,20140824003422,
EURGBP,0.79899,0.79917,20140824003422,
EURAUD,1.42143,1.42166,20140824003422,
USDCHF,0.91361,0.91379,20140824003422,
EURCHF,1.21006,1.21024,20140824003422,
GBPCHF,1.51421,1.51451,20140824003422,
AUDCHF,0.85106,0.85136,20140824003422,
CADCHF,0.83443,0.83503,20140824003422,
USDHKD,7.74993,7.75023,20140824003422,
USDJPY,103.873,103.877,20140824003528,
EURJPY,137.569,137.579,20140824003528,
AUDJPY,96.775,96.784,20140824003528,
GBPJPY,172.158,172.176,20140824003528,
NZDJPY,87.267,87.285,20140824003528,
CADJPY,94.889,94.913,20140824003528,
CHFJPY,113.675,113.699,20140824003528,
ZARJPY,9.689,9.708,20140824003528,
CNHJPY,16.853,16.883,20140824003528,
EURUSD,1.32439,1.32447,20140824003528,
GBPUSD,1.6573,1.65755,20140824003528,
AUDUSD,0.93158,0.93176,20140824003528,
NZDUSD,0.84005,0.84035,20140824003528,
HKDJPY,13.389,13.419,20140824003528,
EURGBP,0.79899,0.79917,20140824003528,
EURAUD,1.42143,1.42166,20140824003528,
USDCHF,0.91361,0.91379,20140824003528,
EURCHF,1.21006,1.21024,20140824003528,
GBPCHF,1.51421,1.51451,20140824003528,
AUDCHF,0.85106,0.85136,20140824003528,
CADCHF,0.83443,0.83503,20140824003528,
USDHKD,7.74993,7.75023,20140824003528,
USDJPY,103.873,103.877,20140824003633,
EURJPY,137.569,137.579,20140824003633,
AUDJPY,96.775,96.784,20140824003633,
GBPJPY,172.158,172.176,20140824003633,
NZDJPY,87.267,87.285,20140824003633,
CADJPY,94.889,94.913,20140824003633,
CHFJPY,113.675,113.699,20140824003633,
ZARJPY,9.689,9.708,20140824003633,
CNHJPY,16.853,16.883,20140824003633,
EURUSD,1.32439,1.32447,20140824003633,
GBPUSD,1.6573,1.65755,20140824003633,
AUDUSD,0.93158,0.93176,20140824003633,
NZDUSD,0.84005,0.84035,20140824003633,
HKDJPY,13.389,13.419,20140824003633,
EURGBP,0.79899,0.79917,20140824003633,
EURAUD,1.42143,1.42166,20140824003633,
USDCHF,0.91361,0.91379,20140824003633,
EURCHF,1.21006,1.21024,20140824003633,
GBPCHF,1.51421,1.51451,20140824003633,
AUDCHF,0.85106,0.85136,20140824003633,
CADCHF,0.83443,0.83503,20140824003633,
USDHKD,7.74993,7.75023,20140824003633,
USDJPY,103.873,103.877,20140824003739,
EURJPY,137.569,137.579,20140824003739,
AUDJPY,96.775,96.784,20140824003739,
GBPJPY,172.158,172.176,20140824003739,
NZDJPY,87.267,87.285,20140824003739,
CADJPY,94.889,94.913,20140824003739,
CHFJPY,113.675,113.699,20140824003739,
ZARJPY,9.689,9.708,20140824003739,
CNHJPY,16.853,16.883,20140824003739,
EURUSD,1.32439,1.32447,20140824003739,
GBPUSD,1.6573,1.65755,20140824003739,
AUDUSD,0.93158,0.93176,20140824003739,
NZDUSD,0.84005,0.84035,20140824003739,
HKDJPY,13.389,13.419,20140824003739,
EURGBP,0.79899,0.79917,20140824003739,
EURAUD,1.42143,1.42166,20140824003739,
USDCHF,0.91361,0.91379,20140824003739,
EURCHF,1.21006,1.21024,20140824003739,
GBPCHF,1.51421,1.51451,20140824003739,
AUDCHF,0.85106,0.85136,20140824003739,
CADCHF,0.83443,0.83503,20140824003739,
USDHKD,7.74993,7.75023,20140824003739,
USDJPY,103.873,103.877,20140824003844,
EURJPY,137.569,137.579,20140824003844,
AUDJPY,96.775,96.784,20140824003844,
GBPJPY,172.158,172.176,20140824003844,
NZDJPY,87.267,87.285,20140824003844,
CADJPY,94.889,94.913,20140824003844,
CHFJPY,113.675,113.699,20140824003844,
ZARJPY,9.689,9.708,20140824003844,
CNHJPY,16.853,16.883,20140824003844,
EURUSD,1.32439,1.32447,20140824003844,
GBPUSD,1.6573,1.65755,20140824003844,
AUDUSD,0.93158,0.93176,20140824003844,
NZDUSD,0.84005,0.84035,20140824003844,
HKDJPY,13.389,13.419,20140824003844,
EURGBP,0.79899,0.79917,20140824003844,
EURAUD,1.42143,1.42166,20140824003844,
USDCHF,0.91361,0.91379,20140824003844,
EURCHF,1.21006,1.21024,20140824003844,
GBPCHF,1.51421,1.51451,20140824003844,
AUDCHF,0.85106,0.85136,20140824003844,
CADCHF,0.83443,0.83503,20140824003844,
USDHKD,7.74993,7.75023,20140824003844,
USDJPY,103.873,103.877,20140824003950,
EURJPY,137.569,137.579,20140824003950,
AUDJPY,96.775,96.784,20140824003950,
GBPJPY,172.158,172.176,20140824003950,
NZDJPY,87.267,87.285,20140824003950,
CADJPY,94.889,94.913,20140824003950,
CHFJPY,113.675,113.699,20140824003950,
ZARJPY,9.689,9.708,20140824003950,
CNHJPY,16.853,16.883,20140824003950,
EURUSD,1.32439,1.32447,20140824003950,
GBPUSD,1.6573,1.65755,20140824003950,
AUDUSD,0.93158,0.93176,20140824003950,
NZDUSD,0.84005,0.84035,20140824003950,
HKDJPY,13.389,13.419,20140824003950,
EURGBP,0.79899,0.79917,20140824003950,
EURAUD,1.42143,1.42166,20140824003950,
USDCHF,0.91361,0.91379,20140824003950,
EURCHF,1.21006,1.21024,20140824003950,
GBPCHF,1.51421,1.51451,20140824003950,
AUDCHF,0.85106,0.85136,20140824003950,
CADCHF,0.83443,0.83503,20140824003950,
USDHKD,7.74993,7.75023,20140824003950,
USDJPY,103.873,103.877,20140824004055,
EURJPY,137.569,137.579,20140824004055,
AUDJPY,96.775,96.784,20140824004055,
NZDJPY,87.267,87.285,20140824004055,
GBPJPY,172.158,172.176,20140824004055,
CADJPY,94.889,94.913,20140824004055,
CHFJPY,113.675,113.699,20140824004055,
ZARJPY,9.689,9.708,20140824004055,
CNHJPY,16.853,16.883,20140824004055,
EURUSD,1.32439,1.32447,20140824004055,
GBPUSD,1.6573,1.65755,20140824004055,
AUDUSD,0.93158,0.93176,20140824004055,
NZDUSD,0.84005,0.84035,20140824004055,
HKDJPY,13.389,13.419,20140824004055,
EURGBP,0.79899,0.79917,20140824004055,
EURAUD,1.42143,1.42166,20140824004055,
USDCHF,0.91361,0.91379,20140824004055,
EURCHF,1.21006,1.21024,20140824004055,
GBPCHF,1.51421,1.51451,20140824004055,
AUDCHF,0.85106,0.85136,20140824004055,
CADCHF,0.83443,0.83503,20140824004055,
USDHKD,7.74993,7.75023,20140824004055,
USDJPY,103.873,103.877,20140824004201,
EURJPY,137.569,137.579,20140824004201,
AUDJPY,96.775,96.784,20140824004201,
GBPJPY,172.158,172.176,20140824004201,
CADJPY,94.889,94.913,20140824004201,
NZDJPY,87.267,87.285,20140824004201,
CHFJPY,113.675,113.699,20140824004201,
ZARJPY,9.689,9.708,20140824004201,
CNHJPY,16.853,16.883,20140824004201,
EURUSD,1.32439,1.32447,20140824004201,
GBPUSD,1.6573,1.65755,20140824004201,
AUDUSD,0.93158,0.93176,20140824004201,
NZDUSD,0.84005,0.84035,20140824004201,
HKDJPY,13.389,13.419,20140824004201,
EURGBP,0.79899,0.79917,20140824004201,
EURAUD,1.42143,1.42166,20140824004201,
USDCHF,0.91361,0.91379,20140824004201,
EURCHF,1.21006,1.21024,20140824004201,
GBPCHF,1.51421,1.51451,20140824004201,
AUDCHF,0.85106,0.85136,20140824004201,
CADCHF,0.83443,0.83503,20140824004201,
USDHKD,7.74993,7.75023,20140824004201,
USDJPY,103.873,103.877,20140824004306,
EURJPY,137.569,137.579,20140824004306,
AUDJPY,96.775,96.784,20140824004306,
GBPJPY,172.158,172.176,20140824004306,
NZDJPY,87.267,87.285,20140824004306,
CADJPY,94.889,94.913,20140824004306,
CHFJPY,113.675,113.699,20140824004306,
ZARJPY,9.689,9.708,20140824004306,
CNHJPY,16.853,16.883,20140824004306,
EURUSD,1.32439,1.32447,20140824004306,
GBPUSD,1.6573,1.65755,20140824004306,
AUDUSD,0.93158,0.93176,20140824004306,
NZDUSD,0.84005,0.84035,20140824004306,
HKDJPY,13.389,13.419,20140824004306,
EURGBP,0.79899,0.79917,20140824004306,
EURAUD,1.42143,1.42166,20140824004306,
USDCHF,0.91361,0.91379,20140824004306,
EURCHF,1.21006,1.21024,20140824004306,
GBPCHF,1.51421,1.51451,20140824004306,
AUDCHF,0.85106,0.85136,20140824004306,
CADCHF,0.83443,0.83503,20140824004306,
USDHKD,7.74993,7.75023,20140824004306,
USDJPY,103.873,103.877,20140824004412,
EURJPY,137.569,137.579,20140824004412,
AUDJPY,96.775,96.784,20140824004412,
GBPJPY,172.158,172.176,20140824004412,
NZDJPY,87.267,87.285,20140824004412,
CADJPY,94.889,94.913,20140824004412,
CHFJPY,113.675,113.699,20140824004412,
ZARJPY,9.689,9.708,20140824004412,
CNHJPY,16.853,16.883,20140824004412,
EURUSD,1.32439,1.32447,20140824004412,
GBPUSD,1.6573,1.65755,20140824004412,
AUDUSD,0.93158,0.93176,20140824004412,
NZDUSD,0.84005,0.84035,20140824004412,
HKDJPY,13.389,13.419,20140824004412,
EURGBP,0.79899,0.79917,20140824004412,
EURAUD,1.42143,1.42166,20140824004412,
USDCHF,0.91361,0.91379,20140824004412,
EURCHF,1.21006,1.21024,20140824004412,
GBPCHF,1.51421,1.51451,20140824004412,
AUDCHF,0.85106,0.85136,20140824004412,
CADCHF,0.83443,0.83503,20140824004412,
USDHKD,7.74993,7.75023,20140824004412,
USDJPY,103.873,103.877,20140824004517,
EURJPY,137.569,137.579,20140824004517,
AUDJPY,96.775,96.784,20140824004517,
GBPJPY,172.158,172.176,20140824004517,
NZDJPY,87.267,87.285,20140824004517,
CADJPY,94.889,94.913,20140824004517,
CHFJPY,113.675,113.699,20140824004517,
ZARJPY,9.689,9.708,20140824004517,
CNHJPY,16.853,16.883,20140824004517,
EURUSD,1.32439,1.32447,20140824004517,
GBPUSD,1.6573,1.65755,20140824004517,
AUDUSD,0.93158,0.93176,20140824004517,
NZDUSD,0.84005,0.84035,20140824004517,
HKDJPY,13.389,13.419,20140824004517,
EURGBP,0.79899,0.79917,20140824004517,
EURAUD,1.42143,1.42166,20140824004517,
USDCHF,0.91361,0.91379,20140824004517,
EURCHF,1.21006,1.21024,20140824004517,
GBPCHF,1.51421,1.51451,20140824004517,
AUDCHF,0.85106,0.85136,20140824004517,
CADCHF,0.83443,0.83503,20140824004517,
USDHKD,7.74993,7.75023,20140824004517,
USDJPY,103.873,103.877,20140824004623,
EURJPY,137.569,137.579,20140824004623,
AUDJPY,96.775,96.784,20140824004623,
GBPJPY,172.158,172.176,20140824004623,
NZDJPY,87.267,87.285,20140824004623,
CADJPY,94.889,94.913,20140824004623,
CHFJPY,113.675,113.699,20140824004623,
ZARJPY,9.689,9.708,20140824004623,
CNHJPY,16.853,16.883,20140824004623,
EURUSD,1.32439,1.32447,20140824004623,
GBPUSD,1.6573,1.65755,20140824004623,
AUDUSD,0.93158,0.93176,20140824004623,
NZDUSD,0.84005,0.84035,20140824004623,
HKDJPY,13.389,13.419,20140824004623,
EURAUD,1.42143,1.42166,20140824004623,
EURGBP,0.79899,0.79917,20140824004623,
USDCHF,0.91361,0.91379,20140824004623,
EURCHF,1.21006,1.21024,20140824004623,
GBPCHF,1.51421,1.51451,20140824004623,
AUDCHF,0.85106,0.85136,20140824004623,
CADCHF,0.83443,0.83503,20140824004623,
USDHKD,7.74993,7.75023,20140824004623,
USDJPY,103.873,103.877,20140824004728,
EURJPY,137.569,137.579,20140824004728,
AUDJPY,96.775,96.784,20140824004728,
GBPJPY,172.158,172.176,20140824004728,
NZDJPY,87.267,87.285,20140824004728,
CADJPY,94.889,94.913,20140824004728,
CHFJPY,113.675,113.699,20140824004728,
ZARJPY,9.689,9.708,20140824004728,
CNHJPY,16.853,16.883,20140824004728,
EURUSD,1.32439,1.32447,20140824004728,
GBPUSD,1.6573,1.65755,20140824004728,
AUDUSD,0.93158,0.93176,20140824004728,
NZDUSD,0.84005,0.84035,20140824004728,
HKDJPY,13.389,13.419,20140824004728,
EURGBP,0.79899,0.79917,20140824004728,
EURAUD,1.42143,1.42166,20140824004728,
USDCHF,0.91361,0.91379,20140824004728,
EURCHF,1.21006,1.21024,20140824004728,
GBPCHF,1.51421,1.51451,20140824004728,
AUDCHF,0.85106,0.85136,20140824004728,
CADCHF,0.83443,0.83503,20140824004728,
USDHKD,7.74993,7.75023,20140824004728,
USDJPY,103.873,103.877,20140824004834,
EURJPY,137.569,137.579,20140824004834,
AUDJPY,96.775,96.784,20140824004834,
GBPJPY,172.158,172.176,20140824004834,
NZDJPY,87.267,87.285,20140824004834,
CADJPY,94.889,94.913,20140824004834,
CHFJPY,113.675,113.699,20140824004834,
ZARJPY,9.689,9.708,20140824004834,
CNHJPY,16.853,16.883,20140824004834,
EURUSD,1.32439,1.32447,20140824004834,
GBPUSD,1.6573,1.65755,20140824004834,
AUDUSD,0.93158,0.93176,20140824004834,
NZDUSD,0.84005,0.84035,20140824004834,
HKDJPY,13.389,13.419,20140824004834,
EURGBP,0.79899,0.79917,20140824004834,
EURAUD,1.42143,1.42166,20140824004834,
USDCHF,0.91361,0.91379,20140824004834,
EURCHF,1.21006,1.21024,20140824004834,
GBPCHF,1.51421,1.51451,20140824004834,
AUDCHF,0.85106,0.85136,20140824004834,
CADCHF,0.83443,0.83503,20140824004834,
USDHKD,7.74993,7.75023,20140824004834,
USDJPY,103.873,103.877,20140824004939,
EURJPY,137.569,137.579,20140824004939,
AUDJPY,96.775,96.784,20140824004939,
GBPJPY,172.158,172.176,20140824004939,
NZDJPY,87.267,87.285,20140824004939,
CADJPY,94.889,94.913,20140824004939,
CHFJPY,113.675,113.699,20140824004939,
CNHJPY,16.853,16.883,20140824004939,
ZARJPY,9.689,9.708,20140824004939,
EURUSD,1.32439,1.32447,20140824004939,
GBPUSD,1.6573,1.65755,20140824004939,
AUDUSD,0.93158,0.93176,20140824004939,
NZDUSD,0.84005,0.84035,20140824004939,
HKDJPY,13.389,13.419,20140824004939,
EURGBP,0.79899,0.79917,20140824004939,
EURAUD,1.42143,1.42166,20140824004939,
USDCHF,0.91361,0.91379,20140824004939,
EURCHF,1.21006,1.21024,20140824004939,
GBPCHF,1.51421,1.51451,20140824004939,
AUDCHF,0.85106,0.85136,20140824004939,
CADCHF,0.83443,0.83503,20140824004939,
USDHKD,7.74993,7.75023,20140824004939,
USDJPY,103.873,103.877,20140824005045,
EURJPY,137.569,137.579,20140824005045,
AUDJPY,96.775,96.784,20140824005045,
GBPJPY,172.158,172.176,20140824005045,
NZDJPY,87.267,87.285,20140824005045,
CADJPY,94.889,94.913,20140824005045,
CHFJPY,113.675,113.699,20140824005045,
ZARJPY,9.689,9.708,20140824005045,
CNHJPY,16.853,16.883,20140824005045,
EURUSD,1.32439,1.32447,20140824005045,
GBPUSD,1.6573,1.65755,20140824005045,
AUDUSD,0.93158,0.93176,20140824005045,
NZDUSD,0.84005,0.84035,20140824005045,
HKDJPY,13.389,13.419,20140824005045,
EURGBP,0.79899,0.79917,20140824005045,
EURAUD,1.42143,1.42166,20140824005045,
USDCHF,0.91361,0.91379,20140824005045,
EURCHF,1.21006,1.21024,20140824005045,
GBPCHF,1.51421,1.51451,20140824005045,
AUDCHF,0.85106,0.85136,20140824005045,
CADCHF,0.83443,0.83503,20140824005045,
USDHKD,7.74993,7.75023,20140824005045,
USDJPY,103.873,103.877,20140824005150,
EURJPY,137.569,137.579,20140824005150,
AUDJPY,96.775,96.784,20140824005150,
GBPJPY,172.158,172.176,20140824005150,
NZDJPY,87.267,87.285,20140824005150,
CHFJPY,113.675,113.699,20140824005150,
CADJPY,94.889,94.913,20140824005150,
ZARJPY,9.689,9.708,20140824005150,
CNHJPY,16.853,16.883,20140824005150,
EURUSD,1.32439,1.32447,20140824005150,
GBPUSD,1.6573,1.65755,20140824005150,
AUDUSD,0.93158,0.93176,20140824005150,
NZDUSD,0.84005,0.84035,20140824005150,
HKDJPY,13.389,13.419,20140824005150,
EURGBP,0.79899,0.79917,20140824005150,
EURAUD,1.42143,1.42166,20140824005150,
USDCHF,0.91361,0.91379,20140824005150,
EURCHF,1.21006,1.21024,20140824005150,
GBPCHF,1.51421,1.51451,20140824005150,
AUDCHF,0.85106,0.85136,20140824005150,
CADCHF,0.83443,0.83503,20140824005150,
USDHKD,7.74993,7.75023,20140824005150,
USDJPY,103.873,103.877,20140824005256,
EURJPY,137.569,137.579,20140824005256,
AUDJPY,96.775,96.784,20140824005256,
GBPJPY,172.158,172.176,20140824005256,
NZDJPY,87.267,87.285,20140824005256,
CADJPY,94.889,94.913,20140824005256,
CHFJPY,113.675,113.699,20140824005256,
ZARJPY,9.689,9.708,20140824005256,
CNHJPY,16.853,16.883,20140824005256,
EURUSD,1.32439,1.32447,20140824005256,
GBPUSD,1.6573,1.65755,20140824005256,
AUDUSD,0.93158,0.93176,20140824005256,
NZDUSD,0.84005,0.84035,20140824005256,
HKDJPY,13.389,13.419,20140824005256,
EURGBP,0.79899,0.79917,20140824005256,
EURAUD,1.42143,1.42166,20140824005256,
USDCHF,0.91361,0.91379,20140824005256,
EURCHF,1.21006,1.21024,20140824005256,
GBPCHF,1.51421,1.51451,20140824005256,
AUDCHF,0.85106,0.85136,20140824005256,
CADCHF,0.83443,0.83503,20140824005256,
USDHKD,7.74993,7.75023,20140824005256,
USDJPY,103.873,103.877,20140824005401,
EURJPY,137.569,137.579,20140824005401,
AUDJPY,96.775,96.784,20140824005401,
GBPJPY,172.158,172.176,20140824005401,
NZDJPY,87.267,87.285,20140824005401,
CADJPY,94.889,94.913,20140824005401,
CHFJPY,113.675,113.699,20140824005401,
ZARJPY,9.689,9.708,20140824005401,
CNHJPY,16.853,16.883,20140824005401,
EURUSD,1.32439,1.32447,20140824005401,
GBPUSD,1.6573,1.65755,20140824005401,
NZDUSD,0.84005,0.84035,20140824005401,
AUDUSD,0.93158,0.93176,20140824005401,
HKDJPY,13.389,13.419,20140824005401,
EURGBP,0.79899,0.79917,20140824005401,
EURAUD,1.42143,1.42166,20140824005401,
USDCHF,0.91361,0.91379,20140824005401,
EURCHF,1.21006,1.21024,20140824005401,
GBPCHF,1.51421,1.51451,20140824005401,
AUDCHF,0.85106,0.85136,20140824005401,
CADCHF,0.83443,0.83503,20140824005401,
USDHKD,7.74993,7.75023,20140824005401,
USDJPY,103.873,103.877,20140824005507,
EURJPY,137.569,137.579,20140824005507,
AUDJPY,96.775,96.784,20140824005507,
GBPJPY,172.158,172.176,20140824005507,
NZDJPY,87.267,87.285,20140824005507,
CADJPY,94.889,94.913,20140824005507,
CHFJPY,113.675,113.699,20140824005507,
ZARJPY,9.689,9.708,20140824005507,
CNHJPY,16.853,16.883,20140824005507,
EURUSD,1.32439,1.32447,20140824005507,
GBPUSD,1.6573,1.65755,20140824005507,
AUDUSD,0.93158,0.93176,20140824005507,
NZDUSD,0.84005,0.84035,20140824005507,
HKDJPY,13.389,13.419,20140824005507,
EURGBP,0.79899,0.79917,20140824005507,
EURAUD,1.42143,1.42166,20140824005507,
USDCHF,0.91361,0.91379,20140824005507,
EURCHF,1.21006,1.21024,20140824005507,
GBPCHF,1.51421,1.51451,20140824005507,
AUDCHF,0.85106,0.85136,20140824005507,
CADCHF,0.83443,0.83503,20140824005507,
USDHKD,7.74993,7.75023,20140824005507,
USDJPY,103.873,103.877,20140824005612,
EURJPY,137.569,137.579,20140824005612,
AUDJPY,96.775,96.784,20140824005612,
GBPJPY,172.158,172.176,20140824005612,
NZDJPY,87.267,87.285,20140824005612,
CADJPY,94.889,94.913,20140824005612,
CHFJPY,113.675,113.699,20140824005612,
ZARJPY,9.689,9.708,20140824005612,
CNHJPY,16.853,16.883,20140824005612,
EURUSD,1.32439,1.32447,20140824005612,
GBPUSD,1.6573,1.65755,20140824005612,
AUDUSD,0.93158,0.93176,20140824005612,
NZDUSD,0.84005,0.84035,20140824005612,
HKDJPY,13.389,13.419,20140824005612,
EURGBP,0.79899,0.79917,20140824005612,
EURAUD,1.42143,1.42166,20140824005612,
USDCHF,0.91361,0.91379,20140824005612,
EURCHF,1.21006,1.21024,20140824005612,
GBPCHF,1.51421,1.51451,20140824005612,
AUDCHF,0.85106,0.85136,20140824005612,
CADCHF,0.83443,0.83503,20140824005612,
USDHKD,7.74993,7.75023,20140824005612,
USDJPY,103.873,103.877,20140824005718,
EURJPY,137.569,137.579,20140824005718,
AUDJPY,96.775,96.784,20140824005718,
GBPJPY,172.158,172.176,20140824005718,
NZDJPY,87.267,87.285,20140824005718,
CADJPY,94.889,94.913,20140824005718,
CHFJPY,113.675,113.699,20140824005718,
ZARJPY,9.689,9.708,20140824005718,
CNHJPY,16.853,16.883,20140824005718,
EURUSD,1.32439,1.32447,20140824005718,
GBPUSD,1.6573,1.65755,20140824005718,
NZDUSD,0.84005,0.84035,20140824005718,
AUDUSD,0.93158,0.93176,20140824005718,
HKDJPY,13.389,13.419,20140824005718,
EURGBP,0.79899,0.79917,20140824005718,
EURAUD,1.42143,1.42166,20140824005718,
USDCHF,0.91361,0.91379,20140824005718,
EURCHF,1.21006,1.21024,20140824005718,
GBPCHF,1.51421,1.51451,20140824005718,
AUDCHF,0.85106,0.85136,20140824005718,
CADCHF,0.83443,0.83503,20140824005718,
USDHKD,7.74993,7.75023,20140824005718,
USDJPY,103.873,103.877,20140824005823,
EURJPY,137.569,137.579,20140824005823,
AUDJPY,96.775,96.784,20140824005823,
GBPJPY,172.158,172.176,20140824005823,
NZDJPY,87.267,87.285,20140824005823,
CADJPY,94.889,94.913,20140824005823,
CHFJPY,113.675,113.699,20140824005823,
ZARJPY,9.689,9.708,20140824005823,
CNHJPY,16.853,16.883,20140824005823,
EURUSD,1.32439,1.32447,20140824005823,
GBPUSD,1.6573,1.65755,20140824005823,
AUDUSD,0.93158,0.93176,20140824005823,
NZDUSD,0.84005,0.84035,20140824005823,
HKDJPY,13.389,13.419,20140824005823,
EURGBP,0.79899,0.79917,20140824005823,
EURAUD,1.42143,1.42166,20140824005823,
USDCHF,0.91361,0.91379,20140824005823,
EURCHF,1.21006,1.21024,20140824005823,
GBPCHF,1.51421,1.51451,20140824005823,
AUDCHF,0.85106,0.85136,20140824005823,
CADCHF,0.83443,0.83503,20140824005823,
USDHKD,7.74993,7.75023,20140824005823,
USDJPY,103.873,103.877,20140824005929,
EURJPY,137.569,137.579,20140824005929,
AUDJPY,96.775,96.784,20140824005929,
GBPJPY,172.158,172.176,20140824005929,
NZDJPY,87.267,87.285,20140824005929,
CADJPY,94.889,94.913,20140824005929,
CHFJPY,113.675,113.699,20140824005929,
ZARJPY,9.689,9.708,20140824005929,
CNHJPY,16.853,16.883,20140824005929,
EURUSD,1.32439,1.32447,20140824005929,
GBPUSD,1.6573,1.65755,20140824005929,
AUDUSD,0.93158,0.93176,20140824005929,
NZDUSD,0.84005,0.84035,20140824005929,
HKDJPY,13.389,13.419,20140824005929,
EURGBP,0.79899,0.79917,20140824005929,
EURAUD,1.42143,1.42166,20140824005929,
USDCHF,0.91361,0.91379,20140824005929,
EURCHF,1.21006,1.21024,20140824005929,
GBPCHF,1.51421,1.51451,20140824005929,
AUDCHF,0.85106,0.85136,20140824005929,
CADCHF,0.83443,0.83503,20140824005929,
USDHKD,7.74993,7.75023,20140824005929,
USDJPY,103.873,103.877,20140824010035,
EURJPY,137.569,137.579,20140824010035,
AUDJPY,96.775,96.784,20140824010035,
GBPJPY,172.158,172.176,20140824010035,
NZDJPY,87.267,87.285,20140824010035,
CADJPY,94.889,94.913,20140824010035,
CHFJPY,113.675,113.699,20140824010035,
ZARJPY,9.689,9.708,20140824010035,
CNHJPY,16.853,16.883,20140824010035,
EURUSD,1.32439,1.32447,20140824010035,
GBPUSD,1.6573,1.65755,20140824010035,
AUDUSD,0.93158,0.93176,20140824010035,
NZDUSD,0.84005,0.84035,20140824010035,
HKDJPY,13.389,13.419,20140824010035,
EURGBP,0.79899,0.79917,20140824010035,
EURAUD,1.42143,1.42166,20140824010035,
USDCHF,0.91361,0.91379,20140824010035,
EURCHF,1.21006,1.21024,20140824010035,
GBPCHF,1.51421,1.51451,20140824010035,
AUDCHF,0.85106,0.85136,20140824010035,
CADCHF,0.83443,0.83503,20140824010035,
USDHKD,7.74993,7.75023,20140824010035,
EURJPY,137.569,137.579,20140824010140,
USDJPY,103.873,103.877,20140824010140,
AUDJPY,96.775,96.784,20140824010140,
GBPJPY,172.158,172.176,20140824010140,
NZDJPY,87.267,87.285,20140824010140,
CADJPY,94.889,94.913,20140824010140,
CHFJPY,113.675,113.699,20140824010140,
ZARJPY,9.689,9.708,20140824010140,
CNHJPY,16.853,16.883,20140824010140,
EURUSD,1.32439,1.32447,20140824010140,
GBPUSD,1.6573,1.65755,20140824010140,
AUDUSD,0.93158,0.93176,20140824010140,
NZDUSD,0.84005,0.84035,20140824010140,
EURGBP,0.79899,0.79917,20140824010140,
HKDJPY,13.389,13.419,20140824010140,
EURAUD,1.42143,1.42166,20140824010140,
USDCHF,0.91361,0.91379,20140824010140,
EURCHF,1.21006,1.21024,20140824010140,
AUDCHF,0.85106,0.85136,20140824010140,
GBPCHF,1.51421,1.51451,20140824010140,
CADCHF,0.83443,0.83503,20140824010140,
USDHKD,7.74993,7.75023,20140824010140,
USDJPY,103.873,103.877,20140824010246,
EURJPY,137.569,137.579,20140824010246,
AUDJPY,96.775,96.784,20140824010246,
GBPJPY,172.158,172.176,20140824010246,
NZDJPY,87.267,87.285,20140824010246,
CADJPY,94.889,94.913,20140824010246,
CHFJPY,113.675,113.699,20140824010246,
ZARJPY,9.689,9.708,20140824010246,
CNHJPY,16.853,16.883,20140824010246,
EURUSD,1.32439,1.32447,20140824010246,
GBPUSD,1.6573,1.65755,20140824010246,
AUDUSD,0.93158,0.93176,20140824010246,
NZDUSD,0.84005,0.84035,20140824010246,
HKDJPY,13.389,13.419,20140824010246,
EURGBP,0.79899,0.79917,20140824010246,
EURAUD,1.42143,1.42166,20140824010246,
USDCHF,0.91361,0.91379,20140824010246,
EURCHF,1.21006,1.21024,20140824010246,
AUDCHF,0.85106,0.85136,20140824010246,
CADCHF,0.83443,0.83503,20140824010246,
GBPCHF,1.51421,1.51451,20140824010246,
USDHKD,7.74993,7.75023,20140824010246,
USDJPY,103.873,103.877,20140824010351,
EURJPY,137.569,137.579,20140824010351,
AUDJPY,96.775,96.784,20140824010351,
GBPJPY,172.158,172.176,20140824010351,
NZDJPY,87.267,87.285,20140824010351,
CADJPY,94.889,94.913,20140824010351,
CHFJPY,113.675,113.699,20140824010351,
ZARJPY,9.689,9.708,20140824010351,
CNHJPY,16.853,16.883,20140824010351,
GBPUSD,1.6573,1.65755,20140824010351,
EURUSD,1.32439,1.32447,20140824010351,
AUDUSD,0.93158,0.93176,20140824010351,
NZDUSD,0.84005,0.84035,20140824010351,
HKDJPY,13.389,13.419,20140824010351,
EURGBP,0.79899,0.79917,20140824010351,
EURAUD,1.42143,1.42166,20140824010351,
USDCHF,0.91361,0.91379,20140824010351,
EURCHF,1.21006,1.21024,20140824010351,
GBPCHF,1.51421,1.51451,20140824010351,
AUDCHF,0.85106,0.85136,20140824010351,
CADCHF,0.83443,0.83503,20140824010351,
USDHKD,7.74993,7.75023,20140824010351,
USDJPY,103.873,103.877,20140824010457,
EURJPY,137.569,137.579,20140824010457,
AUDJPY,96.775,96.784,20140824010457,
GBPJPY,172.158,172.176,20140824010457,
NZDJPY,87.267,87.285,20140824010457,
CADJPY,94.889,94.913,20140824010457,
CHFJPY,113.675,113.699,20140824010457,
ZARJPY,9.689,9.708,20140824010457,
CNHJPY,16.853,16.883,20140824010457,
EURUSD,1.32439,1.32447,20140824010457,
GBPUSD,1.6573,1.65755,20140824010457,
AUDUSD,0.93158,0.93176,20140824010457,
NZDUSD,0.84005,0.84035,20140824010457,
HKDJPY,13.389,13.419,20140824010457,
EURGBP,0.79899,0.79917,20140824010457,
EURAUD,1.42143,1.42166,20140824010457,
USDCHF,0.91361,0.91379,20140824010457,
EURCHF,1.21006,1.21024,20140824010457,
GBPCHF,1.51421,1.51451,20140824010457,
AUDCHF,0.85106,0.85136,20140824010457,
CADCHF,0.83443,0.83503,20140824010457,
USDHKD,7.74993,7.75023,20140824010457,
USDJPY,103.873,103.877,20140824010602,
EURJPY,137.569,137.579,20140824010602,
AUDJPY,96.775,96.784,20140824010602,
GBPJPY,172.158,172.176,20140824010602,
NZDJPY,87.267,87.285,20140824010602,
CADJPY,94.889,94.913,20140824010602,
CHFJPY,113.675,113.699,20140824010602,
ZARJPY,9.689,9.708,20140824010602,
CNHJPY,16.853,16.883,20140824010602,
EURUSD,1.32439,1.32447,20140824010602,
GBPUSD,1.6573,1.65755,20140824010602,
AUDUSD,0.93158,0.93176,20140824010602,
NZDUSD,0.84005,0.84035,20140824010602,
HKDJPY,13.389,13.419,20140824010602,
EURGBP,0.79899,0.79917,20140824010602,
EURAUD,1.42143,1.42166,20140824010602,
USDCHF,0.91361,0.91379,20140824010602,
EURCHF,1.21006,1.21024,20140824010602,
GBPCHF,1.51421,1.51451,20140824010602,
AUDCHF,0.85106,0.85136,20140824010602,
CADCHF,0.83443,0.83503,20140824010602,
USDHKD,7.74993,7.75023,20140824010602,
